{"cameraMode":{"drawMode":0,"name":"Shaded","section":"Shading Mode"},"sceneLighting":false,"audioPlay":false,"sceneViewState":{"showFog":true,"showMaterialUpdate":false,"showSkybox":false,"showFlares":true,"showImageEffects":true,"showParticleSystems":true,"showVisualEffectGraphs":true,"m_FxEnabled":false},"in2DMode":false,"pivot":{"x":-0.9267959594726563,"y":0.24458694458007813,"z":0.9214544296264648},"rotation":{"x":0.33965855836868288,"y":0.18777897953987122,"z":-0.06939292699098587,"w":0.9190004467964172},"size":8.24820613861084,"orthographic":false}