{"cameraMode":{"drawMode":0,"name":"Shaded","section":"Shading Mode"},"sceneLighting":true,"audioPlay":false,"sceneViewState":{"showFog":true,"showMaterialUpdate":false,"showSkybox":true,"showFlares":true,"showImageEffects":true,"showParticleSystems":true,"showVisualEffectGraphs":true,"m_FxEnabled":false},"in2DMode":false,"pivot":{"x":10.257293701171875,"y":-16.708589553833009,"z":19.288833618164064},"rotation":{"x":0.23985087871551515,"y":-0.3869172930717468,"z":0.10496025532484055,"w":0.8841665983200073},"size":54.31009292602539,"orthographic":true}